"","coef","se","tvalue"
"ma1",0.122346039828358,0.0427812317789399,2.85980638567275
